{
  "rnn_1layer_128": {
    "bleu4": 0.002317161233457358,
    "meteor": 0.1592476951419116,
    "total_time": 3.8676611550000644,
    "avg_time_per_image": 0.0038217995602767433
  },
  "rnn_2layer_128": {
    "bleu4": 0.0024457436330619703,
    "meteor": 0.16784864053170903,
    "total_time": 3.8655387170000495,
    "avg_time_per_image": 0.0038197022895257405
  },
  "rnn_3layer_128": {
    "bleu4": 0.0017576052947936636,
    "meteor": 0.1539017865773316,
    "total_time": 4.303381133000016,
    "avg_time_per_image": 0.00425235289822136
  },
  "rnn_1layer_512": {
    "bleu4": 0.002282921819039096,
    "meteor": 0.15307027521935077,
    "total_time": 11.285554106999939,
    "avg_time_per_image": 0.011151733307312194
  },
  "rnn_2layer_512": {
    "bleu4": 0.004839106461088981,
    "meteor": 0.1480284114843127,
    "total_time": 14.935517215999994,
    "avg_time_per_image": 0.014758416221343867
  },
  "rnn_3layer_512": {
    "bleu4": 0.001727313337886512,
    "meteor": 0.14702598323591232,
    "total_time": 20.912145685999917,
    "avg_time_per_image": 0.0206641755790513
  },
  "lstm_1layer_128": {
    "bleu4": 0.001638288292061686,
    "meteor": 0.14788452376878738,
    "total_time": 4.481134961999942,
    "avg_time_per_image": 0.004427998974308243
  },
  "lstm_2layer_128": {
    "bleu4": 0.0009034564015613717,
    "meteor": 0.14159712973115346,
    "total_time": 6.795330768999975,
    "avg_time_per_image": 0.006714753724308275
  },
  "lstm_3layer_128": {
    "bleu4": 0.001021173377479878,
    "meteor": 0.15700151216477737,
    "total_time": 8.667697808999947,
    "avg_time_per_image": 0.008564918783596786
  },
  "lstm_1layer_512": {
    "bleu4": 0.002564923068467765,
    "meteor": 0.15915375492926806,
    "total_time": 20.246994997,
    "avg_time_per_image": 0.020006912052371543
  },
  "lstm_2layer_512": {
    "bleu4": 0.0022311628161019613,
    "meteor": 0.1415959179297242,
    "total_time": 38.64574473699997,
    "avg_time_per_image": 0.038187494799407085
  },
  "lstm_3layer_512": {
    "bleu4": 0.0028253065866569254,
    "meteor": 0.14873634828512153,
    "total_time": 60.910370997000086,
    "avg_time_per_image": 0.06018811363339929
  }
}