{
  "10": {
    "bleu4": 0.004845340040381381,
    "avg_time": 0.6171846140069169
  },
  "15": {
    "bleu4": 0.0048391178355071725,
    "avg_time": 0.6319489282539524
  },
  "20": {
    "bleu4": 0.004839106461088981,
    "avg_time": 0.6305410218112648
  },
  "25": {
    "bleu4": 0.004839106461088981,
    "avg_time": 0.633772863793478
  },
  "30": {
    "bleu4": 0.004839106461088981,
    "avg_time": 0.6389232210247037
  }
}